genre,count
"Play/Drama",942
"One act",373
"Musical",353
"Translation",279
"Comedy",260
"Drama",176
"adaptation",148
"Adaptation",114
"short play",104
"Short play",99
"piece",83
"Ten minute play",76
"Piece",68
"Childrens play",66
"Monologue play",63
"Comedy One act",56
"Youth play",45
"musical",44
"One Act",40
"Play/drama",37
"Gay/Lesbian, of interest",35
"comedy",35
"Drama One act",31
"Gay, full length",27
"Childrens Youth audience",26
"Ten Min",24
"Youth one act",24
"30 min Comedy",23
"0",22
"Scots Comedy One act",21
"2 acts Play/Drama",21
"Thriller",21
"Play/Drama. - - Gay, full length",20
"Short Play One act",19
"TYA",19
"one act play",18
"Performance piece",17
"Revue Show",16
"Play/ Drama",16
"one act",15
"Gay full length",15
"Scots Play One act",14
"Devised Piece",14
"ten min play",14
"Satire",13
"full length Play/Drama",13
"One act comedy",12
"comedy One act",12
"translation",12
"Play With Music",12
"Play One act",12
"Pantomime - Full Length, Fairy Tale (Traditional)",12
"Farce",12
"drama",11
"One-act Musical for Children",11
"Solo Play/Drama",11
"Musical Comedy Musical",11
"Musical Play Musical",10
"pantomime",10
"Childrens one act",10
"Black comedy",10
"Youth audience",9
"Mystery",9
"Pantomime",9
"Lesbian, full length",9
"play Ten Min",8
"Gay one act",8
"Mime",8
"Youth short play",8
"short plays",8
"Rehearsed Reading",7
"ten min",7
"Fantasy",7
"Romantic Comedy Comedy",7
"Fifteen minute play",7
"Play with Music",7
"Black Comedy Comedy",7
"Play",7
"Comedy. - - Gay, full length",7
"Performance Piece",7
"physical theatre Piece",7
"One act. - - Gay, one act",7
"short monologue",6
"Ten-minute comedy",6
"10 min play",6
"Full length Drama",6
"Puppet",6
"2 act Musical Christmas Pantomime Pantomime",6
"short piece",6
"thriller",6
"Show",6
"Childrens One act Youth audience",6
"Monologue play. - - Gay, full length",6
"musical comedy",6
"Stage play 3 acts",6
"AIDS one act",6
"Domestic Drama Play/Drama",6
"Short Comedy One act",5
"Play/Drama. - - Gay/Lesbian, of interest",5
"monologue",5
"Historical Drama",5
"45 min piece",5
"short comedy",5
"Play/Drama. - - Gay, theme/character, full length",5
"Three-act Scots Comedy Comedy",5
"physical theatre",5
"play with music",5
"Christmas Show",5
"Two acts Play/Drama",5
"one act comedy",5
"One act Comedy",5
"Radio Play",5
"Verse Drama",5
"comedy Ten min",5
"Documentary drama",5
"Youth theatre",5
"Modern Drama Play/Drama",5
"play",5
"Play/Drama (reading)",5
"full length play",5
"full legth Comedy",4
"Opera",4
"Play/Drama 90 min",4
"Short Play",4
"Dramady One act",4
"Musical. - - Gay/Lesbian, musical",4
"Musical One act",4
"Drama, full length",4
"Gay short play",4
"15 min play",4
"short play One act",4
"90 min one act",4
"Drama. - - Gay, full length",4
"Horror",4
"Musical. - - Gay/Lesbian musical",4
"Comedy Thriller Thriller",4
"Morality Play",4
"Gay/Lesbian, musical",4
"play One act",4
"Dance Drama",4
"biographical drama",4
"dance theatre",4
"dark comedy",4
"Thirty minute play",4
"120 min Play/Drama",4
"Three act Play/Drama",4
"60 min Piece",4
"revue Musical",4
"Ten minute musical",4
"One act, Drama",4
"Revue",4
"musical event",4
"site specific",4
"One act drama",3
"Childrens play One act",3
"10-15 min Comedy",3
"Stage play One act",3
"Tragedy",3
"Comedic Drama One act",3
"Thriller One act",3
"Monologue play. - - Lesbian, full length",3
"10 min",3
"Historical",3
"one act 30 min",3
"episodic play",3
"comedy Drama",3
"Documentary Documentary",3
"Play/Drama for Young People",3
"contemporary, musical theatre",3
"One act. - - Lesbian, one act",3
"Comedy/Drama Comedy",3
"comedy thriller",3
"play 90 min",3
"Ten-minute Drama",3
"Nativity",3
"Youth Youth audience",3
"Romantic Comedy",3
"romantic comedy",3
"Ten min play",3
"Play/Drama. - - Lesbian, full length",3
"Ten min",3
"Science fiction",3
"Gay comedy full length",3
"3 min play",3
"Gay, theme/character, full length",3
"15 min",3
"50 min One act",3
"work in progress",3
"Drama FringeHIGH, 60 min Play/Drama",3
"Stage play",3
"comedy for women One act",3
"mystery One act",3
"Gay drama full length",3
"Comedy Drama Comedy",3
"short musical",3
"One act Play/Drama",3
"Dance Play",3
"Three acts Play/Drama",3
"Gay, one act",3
"Domestic Comedy",3
"Comedy one act",3
"Lesbian drama full length",3
"Historical drama",3
"Dramedy One act",3
"Monologue",3
"Poetic Drama",3
"Musical one act",3
"One act - ten minutes",3
"Three acts for Women Play/Drama",3
"Play Drama",3
"Sketches, Monologues and Music Hall",3
"Play with songs Play with Music",3
"Multi-media",3
"Political Drama",3
"comedy adaptation",3
"Drama/Comedy",3
"60 min play",2
"One min play",2
"Cabaret-Style Musical Play Musical",2
"One act Musical",2
"Comedy/Drama/Thriller Comedy",2
"TIE",2
"3 acts Play/Drama",2
"AIDS full length",2
"Comedy/Drama",2
"Gay ten minute play",2
"Horror/Drama",2
"Dark Comedy One act",2
"LGBT full length",2
"Youth drama",2
"absurdist One act",2
"Biography",2
"Period Drama",2
"Comedy, One Act",2
"50 mins One act",2
"Phone Play",2
"traditional Play/Drama",2
"Musical Comedy",2
"East West, 2008)",2
"110-130 min Comedy/Drama",2
"Monologue, Drama",2
"Childrens musical",2
"Stage play 2 acts",2
"Prison drama",2
"comedy cabaret 60 min",2
"12-15 min Comedy",2
"musical theatre",2
"Monolgue play",2
"Play for Townswomen in this their Golden Jubilee Year",2
"Musical Revue",2
"domestic comedy One act",2
"One act Drama",2
"10 min Dark Comedy",2
"Ritual",2
"promenade performance",2
"play for children and adults",2
"12 min One act",2
"TV 30min episode from Empire Road",2
"1h 30m Drama Comedy",2
"solo play",2
"ten min comedy",2
"Religious play",2
"play 60 min",2
"20 mins One act",2
"Musical adaptation Musical",2
"one act translation",2
"full length Dramedy",2
"dance piece",2
"Comedy Drama, 90 min Comedy",2
"dark comedy Comedy",2
"Pantomime - One act, Fairy Tale (Traditional)",2
"puppetry",2
"Comedy Sketch Sketch",2
"Gay performance piece",2
"Full length dark comedy",2
"comedy drama",2
"One act. - - Gay, theme/character, one act",2
"Feminist Comedy",2
"Dramatic",2
"Dramatic/Comedic",2
"60 min One act",2
"murder mystery",2
"Comedy for Women One act",2
"piece 60 min",2
"150 min Musical",2
"100 min Play/Drama",2
"Family Drama",2
"90 min Play/Drama",2
"entertainment",2
"Gay/Lesbian historical character",2
"Adaptation One Act Play",2
"Political",2
"Dramady Play/Drama",2
"Verse play",2
"40-60 min Comedy/Drama",2
"Lesbian full length",2
"Irish Comedy One act",2
"short adaptation",2
"50-60 min Comedy",2
"Childrens comedy Youth audience",2
"Scots Comedy Comedy",2
"2 act play",2
"Drama, mystery play, one act",2
"1h 40m Drama Comedy",2
"drawing-room comedy with songs One act with Music",2
"Musical celebration Musical",2
"90 min piece",2
"short play in adaptation",2
"comedic Drama Comedy",2
"Stage revue",2
"full length Drama",2
"short Drama",2
"childrens' musical",2
"80 min one act",2
"Childrens Musical Play Youth audience",2
"45-60 min Comedy/Drama",2
"historical drama",2
"rock musical",2
"30 min play",2
"5 min play",2
"full length TYA",2
"15 min One act",2
"Twelve minute play",2
"one act drama",2
"Urban storytelling",2
"Comedy. - - Gay/Lesbian, of interest",2
"Children's Musical",2
"biographical play",2
"full length Comedy",2
"Comedic Drama Comedy",2
"Ritual Morality Play",2
"0h 50m Comedy Drama",2
"musical biography",2
"3-5 min Comedy/Drama",2
"Romantic Drama",2
"Monologue Play/Drama",2
"Dark Comedy",2
"Musical theatre",2
"TYA 45 min",2
"Biographical",2
"satire One act",2
"55 min comedy",2
"family-oriented musicals Musical",2
"1h 40m Comedy Drama",2
"Dark Comedy Comedy",2
"adaptation. - - Gay, theme/character, full length",2
"Monologue Play/Drama. - - Gay, full length",2
"40 min One act",2
"65 min piece",2
"Play/Drama. - - AIDS, full length",2
"One Page",2
"Drama Ten min",2
"Stage play 5 scenes",2
"Translation One Act",2
"Ten minute play Comedy",2
"black comedy One act",2
"full length comedy drama",2
"Cabaret. - - Gay/Lesbian, musical",2
"Satire. - - Gay, full length",2
"Short Comedy",2
"anglo-Irish MeloDrama",2
"chamber musical",2
"Musical revue",2
"Musical Celebration Musical",2
"allegory",2
"Jewish Comedy One act",2
"Dramatic comedy",2
"45 min One act",2
"35 min piece",2
"Sketches in Sketch",2
"Gay/Lesbian musical",2
"drama Translation",2
"One Act Comedy",1
"8 min musical",1
"Horror, 30 minutes",1
"Play with Music 90 min",1
"recommended for kids ages 4 to 9 Musical",1
"semi-historical comedy One act",1
"2h 0m National Chicago, IL",1
"Sketch",1
"Drama / Classic Play/Drama",1
"Drama comedy 90 min",1
"Youth play Youth audience",1
"mime",1
"Fifteen minute play. - - Lesbian, one act",1
"Play - Full-length, Drama, Youth/Junior",1
"Drama, 95 min",1
"Comedy in 3 acts",1
"1h 25m Drama Spoken Word/Poetry",1
"Fu-Gen, 2008)",1
"new version",1
"short play. - - Gay, one act",1
"80-90 min Comedy/Drama",1
"Murder Mystery",1
"adult fairy tale 80 min",1
"Short Community Play One act",1
"Comedy With Somgs",1
"Translation, a kind of monologue for three actors",1
"Short comedy",1
"15 mins. Drama",1
"short story. - - Gay/Lesbian, of interest",1
"Light Comedy",1
"Theatre-In-Education",1
"Gay black comedy full length",1
"1h 40m Play/Drama",1
"Sketch One act",1
"20-30 min Dark absurdist comedy",1
"short play 70 min",1
"30 min One act",1
"70-90 min Tragicomedy",1
"Children's musical Youth audience",1
"comedy Drama Play/Drama. - - Gay, theme/character, full length",1
"Play/Drama. - - Gay/Lesbian, historical characters",1
"Multimedia piece",1
"one minute",1
"Young audiences",1
"comic play",1
"Multi-Media Performance art, 110 min",1
"90 mins. absurd comedy.. - - Gay, theme/character, full length",1
"3 act Play/Drama",1
"one acts plays",1
"Lesbian theme/character, full length",1
"75 minutes",1
"Brief semi-surrealistic One-ac",1
"1h 15m Drama Performance art",1
"10 Min",1
"play extract",1
"Gay Musical. - - Gay/Lesbian, musical",1
"TYA 30 min",1
"Dramatic anthology",1
"subversive pantomime",1
"Comedy Musical",1
"Cabaret",1
"90 min Musical",1
"2h 10m Comedy Solo Show",1
"15 min Play One act",1
"music theatre 90 mins",1
"comedy - Gay/Lesbian, historical characters",1
"verbatim theatre",1
"Stage play 2 acts and prologue",1
"Childrens short play",1
"Monologue play - Gay full length",1
"monologue One act",1
"Dance",1
"short performance piece",1
"Christmas play",1
"Full-Length 90 mins naturalistic",1
"music, comedy",1
"two act Comedy",1
"25 min comedy",1
"Three Short Plays One act",1
"stories",1
"Gay biography full length",1
"Full Length Play/Drama",1
"Children's 10 Min Comedy Youth audience",1
"absurd One act. - - Gay, theme/character, one act",1
"Brief one-act comedy",1
"Gay surreal full length",1
"community play",1
"stage play for 40 kids aged 11 - 16",1
"Contemporary Thriller Play/Drama",1
"Short Dramatic Comedy One act",1
"60 min Comedy",1
"Children's Youth audience",1
"58 min Comedy, Drama",1
"Christmas panto",1
"80 min Play/Drama",1
"comedy Ten Min",1
"1h 15m, Dark comedy",1
"Sat MeloDrama",1
"Drama-documentary",1
"110 min adaptation",1
"1h 10m, Comedy",1
"Lesbian one act",1
"Drama, folktale, pansori",1
"Solo Show FringeHIGH",1
"Ironic Comedy One act",1
"monologue, 4 minutes",1
"Multi-media, full length play",1
"1h 30m Multi-Media Solo Show Piece",1
"Comic Drama Comedy",1
"Historical epic Historical",1
"two one-act Dramas One act",1
"physical theatre One act",1
"75-100 min Comedy",1
"short thriller",1
"Comedy musical Musical",1
"Childrens 1 act Youth audience",1
"70 min Play/Drama",1
"Youth Musical, 90 min Youth audience",1
"60 mins Comedy drama with puppetry",1
"2 acts T.I.e. Community Youth audience",1
"theme for Variations",1
"Romance One act",1
"Drama 120 min",1
"Full-length Musical",1
"Comedy - Drama - young people's theatre",1
"Monologue Play",1
"WIP",1
"Young people's Theatre , 70 min Youth audience",1
"avant-garde Drama, black comedy",1
"play adaptation",1
"Expressionistic Drama 90 min",1
"Musical adaptation",1
"Dramatic Cantata",1
"2-4 min Play/Drama",1
"Romantic comedy Comedy",1
"60 mins. Children's play. One act",1
"Satire / Comedy / adaptation / Parody (Steinbeck)",1
"ensemble",1
"Comedy farce Comedy. - - Gay, theme/character, full length",1
"Gay Musical Comedy. - - Gay/Lesbian, musical",1
"75-80 min Play/Drama. - - Gay/Lesbian, of interest",1
"political monologue",1
"political thriller",1
"Gay historical character full length",1
"30 min piece",1
"Tragi-Comedy",1
"Ironic Comedy Comedy",1
"0h 55m�Comedy Drama",1
"Full-Length 95 mins Play/Drama",1
"autobiographical",1
"Piece 120 min",1
"play for women One act",1
"10-15 min Dark comedy",1
"Farcical Fantasy",1
"stage to play, play scene",1
"one act 50 min",1
"musical parody Musical",1
"Tragedy. - - Gay/Lesbian, of interest",1
"Comedy One act. - - Gay, theme/character, one act",1
"1h 45m��Drama Comedy",1
"entertainment with music and politics",1
"comedy, new writing 1 hour",1
"Political theatre Play/Drama",1
"one minute play",1
"Agit Prop Play/drama",1
"14 playlets One act",1
"comedy whodunnit",1
"Musical Christmas Pantomime Musical One act",1
"Comedy Farce Comedy",1
"Short Drama One act",1
"one act 55 min",1
"65 min story telling",1
"solo storytelling 105 min",1
"Comedy Drama 1h 50m",1
"Collation",1
"60 min operetta",1
"Drama. - - Lesbian, full length 120 min",1
"Performance Piece Piece",1
"FringeJR Musical/Opera 1h 0m",1
"20 min piece",1
"musical comedy satire Musical",1
"Play - One act, Christmas Tale",1
"Unhistorical Parable 3 Act",1
"Crime Story 30 min One act",1
"Three-Short-Plays",1
"25-35 min Play/Drama",1
"15 min one act comedy",1
"one act plays",1
"Theater Mu, 2000)",1
"contemporary comedy 100 min",1
"90 min satire",1
"Drama Satire Comedy",1
"comedy, 30 minutes",1
"One act - ten minutes. - - Gay, one act",1
"Drama, Tragedy, 1 hour 15 minutes",1
"Gay theme/character full length",1
"one act 70 min",1
"Pageant in Six Pictures",1
"Poem",1
"Comedy, 70 min",1
"2-3 min Play/Drama",1
"absurd comedy Ten Min",1
"adventure Play/Drama",1
"Comedy - Young People Comedy",1
"agressive Soap Opera",1
"Reading, 100 min",1
"100-110 min Comedy/Drama",1
"Short play One act",1
"50 min",1
"Full Length Comedy/Drama",1
"one act TYA",1
"60 mins. Play for young people.",1
"Jump-Start New Play Series",1
"Shakespeare's lost Play Re-imagined",1
"Children's/Youth Musical",1
"Play/ Comedy",1
"45-55 min Comedy",1
"Thirteen minute play",1
"Sensational Drama",1
"0h 45m Solo Show Fringehigh",1
"historical ghost stories",1
"Skit/Comedy, 20-30 min Sketch",1
"sitcom-tragedy",1
"Comedy Sketch in 1 act Sketch",1
"Clowning",1
"piece 50 min",1
"TYA Sci Fi",1
"dark musical comedy",1
"Chamber Play One act",1
"piece 30 min",1
"One-act plays for Off-Broadway",1
"Scots Roadside Comedy-Drama",1
"5-7 min Play/Drama",1
"Political Thriller",1
"Tragi-comedy",1
"short late night revue One act",1
"Gay horror comedy. - - Gay, full length",1
"Play/comedy-Drama",1
"Expressionist Musical",1
"exercise in Diplomacy",1
"Children's Comedy, 30 min Youth audience",1
"Radio Script Play/Drama",1
"abstract / Surrealist Playlet",1
"Multi-Media Performance Art FringeHIGH 1h 30m",1
"25 min one act comedy",1
"triolgy of darkly comic, modern day fairy tales for grown ups",1
"comedy who done it",1
"Musical Review",1
"experimental theatre/performance art Piece",1
"summer panto",1
"Skit Sketch",1
"Drama FringeHIGH, 70 min Play/Drama",1
"Short-Play One act",1
"Libretto",1
"musical play in one act",1
"adaptation Musical",1
"Tragi-comedy, 100 min",1
"full length drama",1
"Tragi Comedy Tragedy",1
"adult Comedy",1
"90 min Piece",1
"Gay one act ten min",1
"1h 40m Drama FringeHIGH Comedy",1
"Youth Musical Youth audience",1
"Young audience",1
"Short Play Collection One act",1
"comedy 15 min",1
"light comedy Ten Min",1
"children's play Youth audience",1
"Scots Drama One act",1
"monlogue",1
"2 act (also radio version) Play/Drama",1
"One-man play",1
"Romantic Queer Drama. - - Gay, full length",1
"eight minute play",1
"Political extravagANZa",1
"Lesbian drama one act",1
"Drama - Lesbian full length ; Gay full length",1
"80-95 min Comedy",1
"adult comedy One act",1
"light, black comedy One act",1
"90-100 min Musical Comedy",1
"85-95 min Solo Drama",1
"musical thriller",1
"musical 40 min",1
"Work in progress",1
"Play/Drama For Young People",1
"60 min Musical",1
"100-105 min Post-apocalyptic comedy",1
"Comedy Musical Musical",1
"Contemporary drama 100 min. - - Gay/Lesbian, of interest",1
"Play for little kids",1
"Gay full length Comedy",1
"Fantasy Drama",1
"One act panto",1
"25-40 min Comedy/Drama",1
"Romantic Play In 1 act",1
"short musical Musical",1
"2h 0m musical",1
"2 act 120 mins Play/Drama",1
"3h 0m Comedy Improv/Sketch/Stand-up",1
"documentary drama",1
"Play - Gay full length",1
"Monologue Play, Drama",1
"10 min stage reading",1
"Musical play Musical",1
"a rock opera",1
"Drama / Comedy",1
"90 sec",1
"90-100 min Comedy",1
"Comedy / TIE for children (age 4 to 11)",1
"Play/Drama. - - aIDS, full length",1
"TYA 80 min",1
"Contemporary Social Comedy/Drama 120 min",1
"Full-length Dark Comedy",1
"Play - Full Length, Murder Mystery",1
"Rock Musical Musical",1
"Prose Version Of "l'alouette"",1
"70-75 min Holiday Classic",1
"18 min Drama One act",1
"95-105 min Play/Drama",1
"piece 75 min",1
"Pocket Revue",1
"Childrens' Show Youth audience",1
"10-12 min Play/Drama",1
"Piece 75 min",1
"Play/Drama 60 min",1
"one acts",1
"Comedy/Drama Comedy. - - Gay, theme/character, full length",1
"Theatre Of The absurd / Domestic Drama 30 min",1
"45 min youth audiences Musical",1
"140 min Comedy/Drama",1
"bilingual drama",1
"Solo Play/Drama. - - Gay/Lesbian, of interest",1
"Gay/Lesbian, historical characters",1
"35-45 min Comedy/Drama",1
"TYA 50 min",1
"Revival Of Play",1
"play with songs",1
"Gay Lesbian drama full length",1
"australifolk play",1
"Three alternating monologues",1
"Young people's Theatre , 35 min Youth audience",1
"35 min Play/Drama",1
"Comedy Drama, 85 min Comedy",1
"Intense studio piece with redemptive theme",1
"LGBT ten min play",1
"Translation, short monologue",1
"1h 20m Comedy Drama",1
"Thriller/Mystery",1
"folk musical 60 min",1
"45 mins Tragi/Comic",1
"comedy satire",1
"37 min One act",1
"Dance Musical, 80 min. - - Gay/Lesbian, musical",1
"Puppet play",1
"Absurd Drama Absurd",1
"Short Drama",1
"Gay one act 40 min",1
"Horror 2 one acts",1
"TS, various versions",1
"40 min piece",1
"Devised 70 min Piece",1
"43 min Youth audience",1
"Gay full length, Dark Comedy",1
"Play 2 act",1
"multi-cultural farce Farce",1
"Comedy Drama. - - Lesbian, full length",1
"Young people's Theatre , 50 min Youth audience",1
"Musical Play",1
"romantic comedy Comedy",1
"Historic",1
"Youth Drama, full length Youth audience",1
"Series of 8 scripts",1
"Photocopy typescript",1
"Musical satire",1
"thriller One act",1
"full length Musical",1
"Childrens Play Youth audience",1
"3 min One act",1
"90-115 min Dramatic/Comedic vaudeville",1
"1h 20m Comedy Solo Show",1
"Black comedy Comedy",1
"short comedy One act. - - Gay, theme/character, one act",1
"Musical/Opera Comedy 2h 0m",1
"1h 5m Comedy Solo Show",1
"7-9 min Comedy",1
"Play - One-act, Drama, Biblical",1
"Drama full length",1
"Brief 1 act",1
"70 min play",1
"25-35 min Comedy",1
"Monologue drama",1
"Dance & Physical theatre",1
"Romantic/ Relationship Themes - - Gay, one act",1
"30-40 min Comedy",1
"interactive site specific piece",1
"Stage play Three acts",1
"Drama / Thriller 15 min",1
"Short, 45-50 minutes Christmas Comedy",1
"Solo Dark Comedy- Multi-media",1
"murder mystery 90 min",1
"Comedy full length",1
"dark comedy Comedy. - - Gay, full length",1
"Gay and transgender one act",1
"Mystery Comedy Mystery",1
"Musical Comedy 60 min",1
"adaptation musical theatre",1
"two plays",1
"biographical drama with music",1
"Verse Play, 5 movements",1
"1h 0m National New Haven, CT",1
"64 min Play/Drama",1
"Contemporary, Tragedy 1 Hour",1
"33 min One act",1
"Solo Show Comedy 1h 5m",1
"Full length, Comedy/Drama",1
"Docudrama/Historic 90 min",1
"Devised Piece. - - Gay, full length",1
"Comedy Drama Comedy. - - Lesbian, theme/character, full length",1
"2h 15m Play/Drama",1
"2 act Musical",1
"100 min one act",1
"Play One act. - - AIDS, one act",1
"two act Play/Drama",1
"Russian comedy One act",1
"adult play",1
"Monologue of Nell Shipman",1
"piece of five short plays",1
"40-50 min Play/Drama",1
"Gay monologue play full length",1
"35 min solo Piece",1
"Transcripts",1
"comedy farce One act",1
"adaptation 100 min",1
"Didactic 1 act",1
"120 min Comedy/Drama",1
"Concert Of Songs",1
"verbatim music theatre drama",1
"Gay musical",1
"comedy, puppetry 50 min",1
"Clown/Mask Comedy, 60 min One act",1
"Children's 1 act Youth audience",1
"comedy monologue",1
"short comedic play cycle Play/Drama",1
"18 min Poetic Drama, radio play",1
"Theatre (music, drama) 45 min",1
"Dark Thriller",1
"East West, 2009)",1
"10 min comedy",1
"120-155 min Historical Drama",1
"4-6 min Play/Drama",1
"Pantomime With Songs Scottish Version",1
"satire 140 min",1
"pieces",1
"Monologue Play/Drama. - - AIDS, full length",1
"4-6 min Comedy",1
"Gay historical characers monologue",1
"Play about Magna Carta",1
"45 min Musical One act",1
"Epic",1
"musical 60 min",1
"Country Musical",1
"Multimedia",1
"stylised one act",1
"Children's Musical for ages 8-15 Youth audience",1
"Short dialogue One act",1
"60-75 min Comedy",1
"musical 75 min",1
"Play/Drama 100 min",1
"Full Length Musical, Dramatic Comedy",1
"urban storytelling",1
"2 act 130 mins Play/Drama",1
"physical comedy",1
"Drama, New writing, 50 minutes",1
"Comedy in three beds Comedy",1
"1h 0m Drama Comedy",1
"120 mins Play/Drama",1
"8-10 min Comedy/Drama",1
"TYA comedy",1
"1h 20m Drama Performance Art",1
"85 min Musical",1
"45 min verbatim piece",1
"historical, new writing 1 hour",1
"25-30 min Dark comedy",1
"15 Min",1
"Musical/Opera Comedy 1h 55m",1
"One act, Comedy/Drama",1
"Comedy Musical, 75 min Musical",1
"Satire / Comedy / adaptation / Parody (Charles Dickens)",1
"Romantic MeloDrama",1
"Caberet",1
"Gay full length comedy",1
"25-40 min Comedy",1
"Play/Drama One act",1
"Musical. - - Gay, theme/character, full length",1
"Historical Drama, One Act",1
"Comedy/Farce Farce",1
"Jazz, Music, 1 hour",1
"workshop performance",1
"play/Drama",1
"Drama / Improv 120 minutes",1
"Drama Biographical",1
"drama, modern",1
"Comedy/Satire Comedy",1
"humorous whodunit One act",1
"Comedy Performance art, 90 min",1
"Farcical Comedy One act",1
"Play with music",1
"Comic drama Translation",1
"musical piece",1
"MeloDrama",1
"Victorian/edwardian Comedy",1
"105 min Musical",1
"70 min musical",1
"Comedy, sketch",1
"psycho comedy 90 min",1
"2 acts Comedy",1
"TIE with music",1
"Suspense Play",1
"camping comedy",1
"romantic drama",1
"Gay historical character musical",1
"Site specific play",1
"Comedy - Drama",1
"Children's Play",1
"Summer pantomime",1
"Narrative",1
"60 min scenes",1
"Drama, mystery play",1
"Verse Tragedy",1
"2h 0m Play/Drama",1
"comic Drama One act",1
"Drama - Gay, full length",1
"Play/Post-apocalyptic Comedy-Drama",1
"tragicomic hip-hop concerto",1
"Multi-media Dance Drama",1
"Comedy/ Telling a Tale 30 min",1
"Full length rock opera",1
"Experimental Drama",1
"Poetic romance/drama 90 min",1
"Unhistorical Parable 3 act",1
"1h 30m Drama",1
"60-90 minutes Solo One act",1
"50 min Childrens play",1
"multimedia drama",1
"Musical one act. - - Gay/Lesbian musical",1
"Play about Robert Burns",1
"Children's 10 Min Rhyming play Youth audience",1
"2 act Christmas Pantomime Pantomime",1
"farce One act",1
"Drama 90 min",1
"Ritual/Pantomime",1
"guerilla theatre",1
"Fable",1
"5-10 min Play/Drama",1
"rock musical Musical",1
"Childrens play adaptation",1
"Dramatic Sketch",1
"2h 0m, Musical, Comedy",1
"Tragi-comedy Tragedy",1
"comedy Gay full length",1
"ghostly play",1
"0h 40m National Los Angeles, Ca",1
"One act Play",1
"90 min musical comedy Musical. - - Gay/Lesbian, musical",1
"Costume Play in 1 act for Women",1
"adaptation comedy",1
"0h 55m Solo Show Fringehigh",1
""intervation" Historical",1
"120 min Farce",1
"Comedy/solo show One act",1
"revue",1
"60-75 min Play/Drama",1
"Cameo of Old Scottish Life",1
"Drama 110 min",1
"ne-act farce adaptation",1
"adaptation One act",1
"Modern Satire",1
"Performance Poem Piece",1
"Vulgar MeloDrama",1
"adrift. Like Coleridge's ancient Mariner, Isaac abbas, a devoted and loving son, wanders in search for an answer; "how can I forgive myself for the choice I made." This World Premiere directed by Maggie Speer runs July 26-august 26 at Chicago's Greenhouse theater Center, 2257 N. Lincoln avenue, and is produced by Polarity ensemble theatre i/a/w azUSA Productions. www.davidalex.net or http://petheatre.com/adrift.php.",1
"Dance & Physical theatre / Puppetry 45 minutes",1
"35-40 min Dark comedy",1
"Comedy 15 min",1
"Music theatre compilation",1
"Full Length Violent play",1
"Full-Length 120 mins farce",1
"short comedy One act",1
"1h 30m Comedy",1
"20 min play",1
"One-act One-Woman Show",1
"Murder Drama",1
"One Act Play",1
"Comedy/farce",1
"1h 10m Solo Show Comedy",1
"2-5 min Comedy",1
"Children's 1 act Musical Youth audience",1
"80-90 min Comedy",1
"60-75 min Children's play",1
"70 mins. absurd comedy",1
"0h 50m Multi-Media Drama",1
"Dramatic Monologue",1
"Urdu Comedy Play",1
"Mono Drama",1
"play with songs 90 min",1
"Comedy Drama, 100 min Comedy",1
"Drama 100 min",1
"Monologues and Scenes",1
"translation, adaptation",1
"Bard Rap 90 min Musical",1
"Full-length one-act play",1
"Comedy. - - Gay, theme/character, full length",1
"short one act comedy",1
"One act ten minutes. - - Gay, one act",1
"comedy 35 min",1
"comedy thriller One act",1
"75-90 min Comedy/Drama",1
"contemporary, drama 1 hour",1
"historical play",1
"Comedy / Drama Comedy",1
"true drama",1
"Summer Pantomime",1
"One act. - - Gay, full length",1
"translation 100 min",1
"Three-act Scots Play",1
"Comedic tragedy. - - Lesbian, full length",1
"Funny Play",1
"For age 4 - 7",1
"Holiday Musical Comedy 105 min",1
"60 mins. Children's play",1
"Tranlation",1
"One person show. Multi-media Piece",1
"Musical one act. - - Gay, full length",1
"site specific show",1
"Ten minute play. - - Gay, one act",1
"55 min piece",1
"Romantic comedy",1
"Musical, Revue",1
"farce adaptation",1
"Full Length Play, Drama",1
"Historical Thriller",1
"Heroic Comedy Comedy",1
"internet play",1
"Family",1
"Tragedy. - - Gay, theme/character full length",1
"Thriller Musical",1
"1h 0m Comedy Musical",1
"pub theatre",1
"Comedy Drama, 60 min Comedy",1
"translation/adaptation Musical",1
"Performed Reading",1
"70-80 min Drama/Comedy",1
"Three Plays",1
"Short Play 30 min",1
"version of myth",1
"collaborative project",1
"1h 0m, Musical, Comedy",1
"one woman show",1
"verse adaptation",1
"drama, new writing 50 minutes",1
"45 min one act",1
"dramatisation",1
"Drama/Comedy Play/Drama. - - Gay, full length",1
"play with music 90 min",1
"Musical/Opera Comedy 0h 0m",1
"Political Play [in English And Spanish With English Surtitles.]",1
"Gay full length adaptation",1
"Play/Comedy Comedy",1
"Comedy with music",1
"Short Play One Act",1
"spoken word performance 55 min",1
"Farcical Comedy in 1 act",1
"2 act (also radio play) Comedy",1
"love story",1
"one act 75 min",1
"agit Prop",1
"Comedy. - - Lesbian, theme/character, one act",1
"chidren 7 - 10 Youth audience",1
"45 min drama",1
"7-minute monologue",1
"1h 5m L Comedy Drama",1
"Children's Musical Musical",1
"cabaret",1
"Drama, Music",1
"Solo, 80 min",1
"modern english opera",1
"Farce Play Adaptation",1
"Revue sketches Musical",1
"6 min One act",1
"one act biblical comedy",1
"Children's Comedy",1
"Play in 14 episodes",1
"26 hour epic Play/Drama",1
"Musical comedy adventure",1
"Political, Non Fiction, Drama, 60 min One act",1
"collection of short plays",1
"Radio Play One act",1
"concert",1
"Memory play",1
"Drama, interactive",1
"Performance art Piece",1
"Monologue plays",1
"comedic play",1
"Comic MeloDrama Comedy",1
"Drama in verse",1
"Musical TYA 90 min",1
"Rock Musical",1
"Social Comedy One act",1
"105 min one act",1
"3 act 70 mins Play/Drama",1
"Youth one act play",1
"comedy ten min",1
"Grand-Guignol Play One act",1
"TYA 60 min",1
"Christmas Panto",1
"Sort play",1
"vaudevillian biography",1
"Historical Comedy",1
"one woman physical theatre show",1
"Screwball comedy, 90 min Comedy",1
"55 min dance theatre",1
"Play 1 scene",1
"75-90 min Comi-threnody",1
"3 min",1
"Children's 1 act Mystery Youth audience",1
"Youth audiences",1
"Summer Panto",1
"Religious Comedy Drama",1
"Historical 1 act",1
"musical fairy tale",1
"Naturalistic drama 90 min",1
"two acts Play/Drama",1
"1h 30m, Drama, Drama",1
"Naturalistic comedy 5 min",1
"Dramatisation",1
"TYA short operetta",1
"Brief Chronicle",1
"1 actTeenage Drama One act",1
"Absurd Drama",1
"10-15 min Play/Drama",1
"Comedy, Lesbian, Full-Length Comedy. - - Lesbian, full length",1
"full length play 100 min",1
"1h 45m National Los Angeles, Ca",1
"15 min Comedy One act",1
"Comedy 3 parts",1
"30 min radio play",1
"Carnival Theatre Play/drama",1
"Childrens One act, 40 min Youth audience",1
"60-70 min Comedy",1
"Comedy, satire",1
"Comedy Drama, 50 min Comedy",1
"Futuristic Ritual",1
"95 min Play/Drama",1
"90 min",1
"musical theater comedy, 10 min Musical",1
"55 minutes",1
"Play/Drama. - - Lesbian, theme/character, full length",1
"75-90 min Fantasy",1
"large scale, open access, intergenerational community production",1
"120 min Youth audience",1
"50 min Comedy",1
"adult Comedy Comedy",1
"Full Length Comedy",1
"romantic comedy Play/Drama",1
"Surreal comedy with songs 60 min",1
"5 act Play/Drama",1
"0h 35m Local Manhattan, NYC",1
"2 acts Victorian pastiche MeloDrama",1
"sci-fi play",1
"full length Mystery",1
"Scots Play of Bygone Days",1
"Short one-act",1
"childrens' comedy Youth audience",1
"1h 15m Musical Comedy",1
"Two act Comedy",1
"play for anyone who has body",1
"Drama/adaptation Play/Drama",1
"0h 45m, Musical, Comedy",1
"young adult One act",1
"Drama Musical, 90 min Musical",1
"1h 10m National Chicago, IL",1
"cult psychological thriller 120 min",1
"dance piece 55 min",1
"Comedy in Two Acts",1
"multimedia, physical theatre",1
"Comedy - Fantasy Comedy",1
"5-7 min Comedy",1
"Gay & Lesbian black comedy",1
"12-15 min Restoration comedy in verse",1
"musical version Musical",1
"translation of comedy",1
"play 2 act",1
"Gay historical characters full length",1
"meloDrama One act",1
"Drama FringeHIGH, 90 min Play/Drama",1
"Four 1 act Comedies One act",1
"Nativity Play",1
"short comedy Drama. - - Gay, full length",1
"site specific one act",1
"Lesbian ten minute play",1
"30-35 min Play/Drama",1
"Comic monologue",1
"60 min solo",1
"65-80 min Comedy",1
"Horror Comedy",1
"80-100 min Drama/Comedy",1
"Musical Spoof Musical",1
"15 min story",1
"70-90 min Play/Drama",1
"Monologue one act comedy",1
"2h 15m�Comedy Musical Musical",1
"drama, spoken word",1
"Musical Drama 120 min",1
"Rock Musical One act",1
"Dark studio piece with comic elements",1
"Twenty five minute play",1
"Full-Length 45 mins Play/Drama",1
"1h 25m Drama Comedy",1
"Drama documentary",1
"Monologue play. - - Gay/Lesbian, historical characters",1
"Discourse",1
"60 min Comedy, Drama",1
"mystery/romantic comedy",1
"90-100 min Comedy/Drama",1
"comedy Translation",1
"3 Acts In Prose Play/drama",1
"Inverted MeloDrama, 15 min",1
"Satire / Comedy / adaptation / Parody (Tennessee Williams)",1
"2 acts Community Play",1
"7-10 min Comedy",1
"60-75 min Dark comedy",1
"Social Comedy Comedy",1
"show",1
"play in four acts",1
"60 min piece",1
"Musical. - - Gay/Lesbian, of interest",1
"anti racialist",1
"Large scale event",1
"Mystery Farce Mystery",1
"Puppet Piece",1
"Historical, semi-surrealistic one-acter",1
"One",1
"5 Playlets One act",1
"Monologue, Comedy",1
"6-8 min Comedy/Drama",1
"Historical, New writing",1
"Drama. - - Gay/Lesbian historical character",1
"1h 35m Comedy FringeHIGH",1
"90 minutes, no intermission Play/Drama",1
"Ten min Comedy",1
"Comedy, Solo show, 1 hour 15 minutes",1
"series of monologues",1
"Drama/2 Acts",1
"Trilogy",1
"comedy Musical",1
"Full-Length 135 mins Play/Drama",1
"adaptation Play/Drama",1
"Futuristic Drama 30 min One act",1
"Gay drama one act",1
"poetic Drama 40 min One act",1
"Seasonal",1
"Translation / adaptation",1
"stage sketch",1
"Street Theatre",1
"15 min monologue",1
"Dramatic Comedy",1
"musical adaptation",1
"Political Play",1
"Gothic Thriller",1
"Entertainment",1
"Gay, full length comedy",1
"Musical Play Comedy/Drama",1
"Political Satire 50 min",1
"1h 30m, Solo Show, Comedy",1
"50 min piece",1
"40-60 min Play/Drama",1
"Biographical. - - Gay, full length",1
"4 Tracks One act",1
"Kumu Kahua theater, 2006)",1
"2 1 acts One act",1
"one man show",1
"cappella musical Musical",1
"Naturalist dramatic comedy, 105 min",1
"Gay/Lesbian historical characters",1
"Community Play",1
"Farce in One act. - - Gay, full length",1
"1h 15m Local Brooklyn, NYC. - - Gay/Lesbian, of interest",1
"magical realist Musical",1
"0h 35m�Puppetry Solo Show",1
"Faustian",1
"spoof pantomime",1
"1h 30m Comedy Drama",1
"2h 0m, Drama,",1
"60-90 min Tragedy",1
"10 Minute Play - Drama",1
"110-120 min Play/Drama",1
"20-25 min Comedy",1
"Horror comedy adaptation",1
"Comedy short",1
"Comic soap opera",1
"40-50 min Drama/Comedy",1
"Musical comedy Musical",1
"Full Length Comedy Thriller",1
"10-12 min Science fiction comic-Drama",1
"Political, Drama, 1 hour 10 minutes",1
"collaborative piece",1
"35 min One act",1
"2h 10m Drama FringeHIGH Comedy",1
"Comedy Drama 65 min",1
"family-friendly one-act",1
"80-95 min Satirical musical comedy",1
"100-120 min Comedy/Drama",1
"play for all the family.",1
"45 min adaptation",1
"30-45 min Play/Drama",1
"Melodrama",1
"Comedy. - - Lesbian, full length",1
"short horror play",1
"2 act Play/Drama",1
"Tragicomedy Tragedy",1
"8-12 min Comedy",1
"Black Comedy One act",1
"Horror comedy",1
"Futuristic Fantasy",1
"a romedy",1
"fantasy Musical",1
"pirate-puppet rock odyssey",1
"15 mins. Children's play",1
"art house comedy",1
"TV Play",1
"black comedy Play with Music",1
"Scots Play",1
"Touth Drama",1
"25 min one act",1
"Long one-act",1
"verse play",1
"Transgender drama full length",1
"TV 1 act",1
"75-85 min Comedy",1
"comedy one act",1
"Comedy Drama, 65 min Comedy",1
"short Arthouse play",1
"Drama Ten Min",1
"20 min Comedy",1
"three short plays",1
"Gay spoof, full length",1
"Play for 7 - 11 year olds",1
"Promenade Performances",1
"Operetta Opera",1
"piece 40 min",1
"Dramatic Idiocy",1
"Variey Show",1
"Comedy, Adaptation, 1 hour 15 minutes",1
"90 Min Piece",1
"Family Show",1
"None-Too-Serious Drama Play/Drama",1
"Anglo-irish Melodrama",1
"lesbian, comedy Lesbian, one act. - - Lesbian, full length",1
"90 min Play/Drama. - - Lesbian, theme/character, full length",1
"domestic drama",1
"Young people's musical Drama",1
"Mime 70 min",1
"90 min trilogy One act",1
"Satire 1 act",1
"Thick Description, 1999)",1
"Drama comedy",1
"TYA comedy with music",1
"4-6 min Comedy/Drama",1
"children's musical",1
"Short Play, Drama/Comedy",1
"Drama, 45 Min",1
"13-16 min Comedy",1
"monologues",1
"20 min play One act",1
"Monolgue play. - - Gay/Lesbian, historical characters",1
"Tragic Farce Tragedy",1
"Drama in 1 act for Women",1
"1h 10m Musical/Opera Spoken Word/Poetry",1
"60 min drama",1
"TYA puppetry 60 min",1
"Play/Drama Translation",1
"radio play crime",1
"Short play - monologue",1
"Drama 90 min One act",1
"135 min Comedy. - - Gay, full length",1
"disaster-prone comedy Drama",1
"Vignettes",1
"Tragicomedy",1
"20 min One act",1
"0h 50m Comedy Solo Show",1
"35 min Drama",1
"Contemporary drama 90 min",1
"two short plays adaptation",1
"Dramedy One act. - - Gay, one act",1
"4 min One act",1
"Drama. - - Gay theme/character, full length",1
"Two act Play/Drama",1
"musical play",1
"Short Political Drama One Act",1
"Full-Length 75 mins piece",1
"music, puppetry 55 minutes",1
"play with music 50 min",1
"absurdist",1
"comedy 95 min",1
"comedy 90 min",1
"TragiComedy Tragedy",1
"play One Act",1
"Dark Drama/Monologue 25 min One act",1
"East West, 2007)",1
"Stage play Two acts",1
"murder myster",1
"interactive piece Piece",1
"New writing, Puppetry",1
"Readings adaptation",1
"mini-opera",1
"two act Farce",1
"7 min monologue",1
"2 acts Farce",1
"ironic Drama Play/Drama",1
"Youth Victorian melodrama, 12 min Youth audience",1
"Scots English Adaptation",1
"8-12 min Comedy/Drama",1
"Radio",1
"3 min Drama/Comedy One act",1
"20-40 min Dark comedy",1
"25 min piece",1
"election specia",1
"Costume Comedy",1
"aatc, 2001)",1
"three minute play",1
"Drama 50 min One act",1
"Two music theatre pieces",1
"65 min musical theatre",1
"Comedy Farce One act",1
"Gay, ten min",1
"Play/Drama 95 min",1
"Play in 1 act for Women One act",1
"TYA 100 mins Play/Drama",1
"piece 70 min",1
"20-30 min Comedy/Drama",1
"comedic one-act",1
"22 min one act",1
"Suspense One act",1
"absurdist comedy",1
"adaptation farcical comedy",1
"55 min Dark Comedy One act",1
"TYA puppets",1
"Black Comedy",1
"60 min Drama One act",1
"children's Youth audience",1
"Full-Length 90 mins Play/Drama",1
"Musical. - - Gay, full length",1
"Hip Hop theatre Piece",1
"Theatre Of The absurd 45-50 min One act",1
"Comedy and/or Drama Play/Drama. - - Lesbian, full length",1
"adult comedy Comedy",1
"Musical 150 min",1
"Bindlestiff, 2006)",1
"satire",1
"75 min Youth audience",1
"Surreal suspense thriller",1
"Witty Fable",1
"Dramatic comedy One act",1
"dark political comedy",1
"Comedy 75 min",1
"Gay character short play",1
"1h 10m Comedy Spoken Word/Poetry Play/Drama. - - Gay/Lesbian, of interest",1
"two one acts",1
"comedy, solo show 50 minutes",1
"Farcical Sketch, in One Scene",1
"satirical comedy",1
"short solo",1
"Dark Comedy one act",1
"2 act Comedy",1
"Play Historical",1
"short play Play/Drama",1
"40-50 min absurd",1
"90 min political Drama",1
"60 min Play/Drama",1
"Triple bill One act",1
"Comedy Satire",1
"Brief 1 act Comedy",1